{"cameraMode":{"drawMode":0,"name":"Shaded","section":"Shading Mode"},"sceneLighting":true,"audioPlay":false,"sceneViewState":{"m_AlwaysRefresh":false,"showFog":true,"showSkybox":true,"showFlares":true,"showImageEffects":true,"showParticleSystems":true,"showVisualEffectGraphs":true,"m_FxEnabled":true},"in2DMode":false,"pivot":{"x":199.8028106689453,"y":5.987778663635254,"z":202.74429321289063},"rotation":{"x":0.05268999561667442,"y":-0.9435333609580994,"z":0.2706119418144226,"w":0.18370331823825837},"size":0.6812458038330078,"orthographic":false}