{"cameraMode":{"drawMode":0,"name":"Shaded","section":"Shading Mode"},"sceneLighting":true,"audioPlay":false,"sceneViewState":{"m_AlwaysRefresh":false,"showFog":true,"showSkybox":true,"showFlares":true,"showImageEffects":true,"showParticleSystems":true,"showVisualEffectGraphs":true,"m_FxEnabled":true},"in2DMode":false,"pivot":{"x":199.50128173828126,"y":8.749825477600098,"z":198.36770629882813},"rotation":{"x":-0.036886125802993777,"y":-0.7143303155899048,"z":0.03775830194354057,"w":-0.697822630405426},"size":16.526260375976564,"orthographic":false}